{
    "cycles_program_begin": 206945426214244,
    "stat": {
        "ru_self_cgstart": {
            "ru_stime_sec": 0.65310999999999997,
            "ru_utime_sec": 0.76707499999999995,
            "ru_minflt": 53988,
            "ru_maxrss_kb": 137364,
            "ru_nivcsw": 20,
            "ru_majflt": 0,
            "ru_nvcsw": 48
        },
        "ru_childs_cgstart": {
            "ru_stime_sec": 0.042802,
            "ru_utime_sec": 0.0080700000000000008,
            "ru_minflt": 11024,
            "ru_maxrss_kb": 74868,
            "ru_nivcsw": 22,
            "ru_majflt": 0,
            "ru_nvcsw": 26
        },
        "realTime": 18.711358070373535,
        "totalObjSize": 13059640,
        "cpu_cycles_cgstart": 207012115308646,
        "nMops": 358983,
        "cpu_cycles_total": 72527319300,
        "nQuads": 113586,
        "ru_childs_end": {
            "ru_stime_sec": 0.045130000000000003,
            "ru_utime_sec": 0.0080700000000000008,
            "ru_minflt": 11648,
            "ru_maxrss_kb": 75288,
            "ru_nivcsw": 24,
            "ru_majflt": 0,
            "ru_nvcsw": 27
        },
        "peak_mem_kb": 346532,
        "ru_self_end": {
            "ru_stime_sec": 2.1509399999999999,
            "ru_utime_sec": 0.77169399999999999,
            "ru_minflt": 70946,
            "ru_maxrss_kb": 145048,
            "ru_nivcsw": 27,
            "ru_majflt": 0,
            "ru_nvcsw": 50
        },
        "cpu_cycles_end": 207017953533544,
        "outputSizePerQuad": 114.97578926980438,
        "Frontend(%)": 99.40764128633792,
        "CodeGen(%)": 0.59235871366208748
    },
    "perf": [
        {
            "sub": [
                {
                    "sub": [],
                    "stat": [
                        "doParsingAndDesignResolution",
                        "entry",
                        15.779571056365967,
                        0.019335000000000001,
                        0.024974,
                        276620,
                        277420,
                        0.0,
                        0.0,
                        1765697265.589823,
                        207006583014979
                    ]
                },
                {
                    "sub": [],
                    "stat": [
                        "doParsingAndDesignResolution",
                        "exit",
                        16.153239965438843,
                        0.25612000000000001,
                        0.161467,
                        313828,
                        314476,
                        0.0,
                        0.0,
                        1765697265.9634919,
                        207008032319807
                    ]
                },
                {
                    "sub": [
                        {
                            "sub": [],
                            "stat": [
                                "doUptoVir2VcsNoSepCleanup",
                                "entry",
                                16.357921123504639,
                                0.41326200000000002,
                                0.209006,
                                314796,
                                314800,
                                0.0,
                                0.0,
                                1765697266.1681731,
                                207008826139888
                            ]
                        },
                        {
                            "sub": [],
                            "stat": [
                                "doUptoVir2VcsNoSepCleanup",
                                "exit",
                                17.103687047958374,
                                0.717831,
                                0.61528400000000005,
                                322524,
                                337968,
                                0.0,
                                0.034742000000000002,
                                1765697266.913939,
                                207011718502383
                            ]
                        },
                        {
                            "sub": [],
                            "stat": [
                                "doRadify_vir2vcsAll",
                                "entry",
                                17.103752136230469,
                                0.71786700000000003,
                                0.61531400000000003,
                                322524,
                                337968,
                                0.0,
                                0.034742000000000002,
                                1765697266.9140041,
                                207011718670683
                            ]
                        },
                        {
                            "sub": [],
                            "stat": [
                                "doRadify_vir2vcsAll",
                                "exit",
                                17.181504011154175,
                                0.76242799999999999,
                                0.64850200000000002,
                                342136,
                                342136,
                                0.0,
                                0.034742000000000002,
                                1765697266.991756,
                                207012020484056
                            ]
                        }
                    ],
                    "stat": [
                        "doPostDesignResolutionToVir2Vcs",
                        "entry",
                        16.164425134658813,
                        0.25612000000000001,
                        0.172653,
                        313828,
                        314476,
                        0.0,
                        0.0,
                        1765697265.9746771,
                        207008075613758
                    ]
                },
                {
                    "sub": [],
                    "stat": [
                        "doPostDesignResolutionToVir2Vcs",
                        "exit",
                        17.181587934494019,
                        0.76247500000000001,
                        0.64854199999999995,
                        342136,
                        342136,
                        0.0,
                        0.034742000000000002,
                        1765697266.9918399,
                        207012020534833
                    ]
                },
                {
                    "sub": [
                        {
                            "sub": [],
                            "stat": [
                                "DoPass2",
                                "entry",
                                17.205955982208252,
                                0.76704099999999997,
                                0.65307999999999999,
                                335388,
                                342136,
                                0.0080700000000000008,
                                0.042802,
                                1765697267.0162079,
                                207012115134139
                            ]
                        },
                        {
                            "sub": [],