{
    "stat": {
        "ru_self_end": {
            "ru_nivcsw": 8,
            "ru_utime_sec": 0.061566999999999997,
            "ru_stime_sec": 0.062687000000000007,
            "ru_minflt": 29021,
            "ru_maxrss_kb": 83608,
            "ru_majflt": 0,
            "ru_nvcsw": 41
        },
        "ru_childs_end": {
            "ru_nivcsw": 24,
            "ru_utime_sec": 0.011601,
            "ru_stime_sec": 0.028743999999999999,
            "ru_minflt": 11704,
            "ru_maxrss_kb": 22716,
            "ru_majflt": 0,
            "ru_nvcsw": 28
        },
        "cpu_cycles_end": 341297914747346,
        "peak_mem_kb": 292780
    },
    "Modules": {
        "...MASTER...": {
            "start_perf": [
                10.673288106918335,
                0.041239999999999999,
                0.047585000000000002,
                279648,
                292780,
                1764086926.7354281,
                341297824774393
            ],
            "end_perf": [
                10.677335977554321,
                0.043249999999999997,
                0.047585000000000002,
                281188,
                292780,
                341297834504937,
                0,
                0
            ],
            "child_modules": {
                "tb_rdma_rc_pdu": 1,
                "std": 1
            },
            "nQuads": 0,
            "nRouts": 5,
            "nMops": 0
        },
        "std": {
            "start_perf": [
                10.677393913269043,
                0.043309,
                0.047585000000000002,
                281188,
                292780,
                1764086926.7395339,
                341297834620059
            ],
            "Compiled Times": 4,
            "end_perf": [
                10.680038928985596,
                0.044139999999999999,
                0.049395000000000001,
                281204,
                292780,
                341297841004461,
                8589934594,
                0
            ],
            "child_modules": {},
            "Compiled": "Yes",
            "nQuads": 218,
            "nMops": 528,
            "nRouts": 33,
            "svclass": [
                "$vcs_nba_dyn_obj",
                0,
                35,
                2,
                2,
                0,
                "sigprop$$",
                0,
                35,
                2,
                2,
                0,
                "process",
                0,
                200,
                8,
                8,
                0,
                "event",
                0,
                34,
                2,
                2,
                0,
                "mailbox",
                0,
                140,
                9,
                9,
                0,
                "semaphore",
                0,
                84,
                5,
                5,
                0
            ]
        },
        "tb_rdma_rc_pdu": {
            "Compiled Times": 2,
            "start_perf": [
                10.680085897445679,
                0.044162,
                0.049419999999999999,
                281204,
                292780,
                1764086926.7422259,
                341297841090509
            ],
            "end_perf": [
                10.705769062042236,
                0.060183,
                0.059068000000000002,
                287760,
                292780,
                341297902757229,
                12884901889,
                0
            ],
            "child_modules": {},
            "nQuads": 1029,
            "Compiled": "Yes",
            "nRouts": 105,
            "nMops": 2272
        }
    },
    "CompUnits": {
        "vHEgE_d": {
            "mod": "tb_rdma_rc_pdu",
            "text": 22085,
            "bytes": 51582,
            "out": "vHEgE_d.o",
            "mode": 4,
            "checksum": 0,
            "archive": "archive.3/_95658_archive_1.a"
        }
    },
    "reusePaths": {
        "amcQw_d": {
            "icPath": "csrc"
        },
        "reYIK_d": {
            "icPath": "csrc"
        }
    },
    "ObjArchives": [
        {
            "archive": "archive.3/_95658_archive_1.a",
            "objects": [
                [
                    "vHEgE_d.o",
                    51582
                ],
                [
                    "amcQwB.o",
                    131258
                ]
            ],
            "size": 182840
        }
    ]
}